{
  "textures": {
    "texture_base": "immersivepetroleum:multiblock/pumpjack_base",
    "texture_armature": "immersivepetroleum:models/pumpjack_armature"
  },
  "loader": "forge:obj",
  "model": "immersivepetroleum:models/item/obj/pumpjack_itemmockup.obj",
  "flip-v": true,
  "transform": {
    "thirdperson_righthand": {
      "translation": [
        0.0625,
        0.0,
        -0.109375
      ],
      "rotation": [
        0.0,
        0.7071068,
        0.0,
        -0.7071068
      ],
      "scale": [
        0.03125,
        0.03125,
        0.03125
      ],
      "post-rotation": [
        0.0,
        0.0,
        0.0,
        1.0
      ]
    },
    "thirdperson_lefthand": {
      "translation": [
        -0.046875,
        0.0,
        -0.078125
      ],
      "rotation": [
        0.0,
        0.7071068,
        0.0,
        0.7071068
      ],
      "scale": [
        0.03125,
        0.03125,
        0.03125
      ],
      "post-rotation": [
        0.0,
        0.0,
        0.0,
        1.0
      ]
    },
    "firstperson_righthand": {
      "translation": [
        -0.109375,
        0.15625,
        0.109375
      ],
      "rotation": [
        0.0,
        0.9238795,
        0.0,
        -0.3826834
      ],
      "scale": [
        0.031249998,
        0.031249998,
        0.031249998
      ],
      "post-rotation": [
        0.0,
        0.0,
        0.0,
        1.0
      ]
    },
    "firstperson_lefthand": {
      "translation": [
        -0.109375,
        0.15625,
        0.078125
      ],
      "rotation": [
        0.0,
        0.9238795,
        0.0,
        -0.3826834
      ],
      "scale": [
        0.031249998,
        0.031249998,
        0.031249998
      ],
      "post-rotation": [
        0.0,
        0.0,
        0.0,
        1.0
      ]
    },
    "head": {
      "translation": [
        0.0,
        0.5,
        -0.5
      ],
      "rotation": [
        0.0,
        0.0,
        0.0,
        1.0
      ],
      "scale": [
        0.20000002,
        0.20000002,
        0.20000002
      ],
      "post-rotation": [
        0.0,
        0.0,
        0.0,
        1.0
      ]
    },
    "gui": {
      "translation": [
        0.375,
        -0.375,
        0.0
      ],
      "rotation": [
        -0.09904575,
        0.89239913,
        0.23911761,
        -0.36964384
      ],
      "scale": [
        0.1875,
        0.18749999,
        0.18749999
      ],
      "post-rotation": [
        0.0,
        0.0,
        0.0,
        1.0
      ]
    },
    "ground": {
      "translation": [
        -0.09375,
        0.1875,
        -0.09375
      ],
      "rotation": [
        0.0,
        0.0,
        0.0,
        1.0
      ],
      "scale": [
        0.0625,
        0.0625,
        0.0625
      ],
      "post-rotation": [
        0.0,
        0.0,
        0.0,
        1.0
      ]
    },
    "fixed": {
      "translation": [
        -0.0625,
        -0.5,
        -0.125
      ],
      "rotation": [
        0.0,
        0.0,
        0.0,
        1.0
      ],
      "scale": [
        0.0625,
        0.0625,
        0.0625
      ],
      "post-rotation": [
        0.0,
        0.0,
        0.0,
        1.0
      ]
    }
  }
}